<?xml version="1.0" encoding="utf-8" standalone="no" ?>
<placeable>
    <placeableType>MischStation</placeableType>
    <filename>MischStation.i3d</filename>
    <placement testSizeX="1" testSizeZ="1" sizeX="1" sizeZ="1" useRandomYRotation="false" useManualYRotation="true" />
    <incomePerHour>0</incomePerHour>
	<foragePerHour value="10000" />
	<TipTriggerIndex index="0>6" />
	<LvLIndicator index="0>3" />
	<ForageTriggerIndex index="0>5|0|0|0|0" />
	<Schnecke index="0>15" />
	<LampIndex index="0>1" />
	<MixerIndex index="0>2" />
	<Interact index="0>7" />
	<MixFillPS index="0>8" />
	<MixerPS index="0>9" />
	<Walzen index="0>4" />
	<Area index="0>11" />
	<TipMarker index="0>10" />
	<BaleTrigger index="0>12" />
	<ShovelTarget index="0>13" />
	<MixerSound index="0>14" />
	<FillPipe index="0>5" />
</placeable>