﻿<?xml version="1.0" encoding="utf-8" standalone="no" ?>
<modDesc descVersion="20">
    <author>Marhu</author>
    <version>3.0</version>
    <title>
        <en>Misch Station</en>
        <de>Misch Station</de>
    </title>
    <description>
        <en>
<![CDATA[placeable facility for feed mixing]]>
		</en>
        <de>
<![CDATA[Platzierbare Anlage zum Futtermischen]]>
		</de>
	</description>
    <iconFilename>Texturen/store.dds</iconFilename>
    <multiplayer supported="true"/>  
	
	<l10n>
		<text name="MischStation"> <en>mixing plant</en> <de>Misch Station</de> </text>
		<text name="voll"> <en>Mixing tank full</en> <de>Mischbehälter voll</de> </text>
		<text name="SiloLeer"> <en>silo empty</en> <de>Silo leer</de> </text>
		<text name="MischStation_RPLUS"> <en>rot +/-</en> <de>rechts/links</de> </text>
		<text name="MischStation_RMINUS"> <en>rot +/-</en> <de>rechts/links</de> </text>
		<text name="MischStation_TPLUS"> <en>up/down</en> <de>raus/rein</de> </text>
		<text name="MischStation_TMINUS"> <en>up/down</en> <de>raus/rein</de> </text>
		<text name="FutterFab"> <en>mixing plant</en> <de>Futterfabrik</de> </text>
		<text name="FutterFabVoll"> <en>Product storage full</en> <de>Produktlager voll</de> </text>
		<text name="FutterFabLager"> <en>storage empty</en> <de>Lager leer</de> </text>
		<text name="debrisCrusher"> <en>mixing plant</en> <de>debrisCrusher</de> </text>
		<text name="debrisCrusherVoll"> <en>Product storage full</en> <de>Mischbehälter voll</de> </text>
		<text name="debrisCrusherLager"> <en>storage empty</en> <de>leer</de> </text>
    </l10n>	
	
	<extraSourceFiles>
		<sourceFile filename="Script/LiveTicker.lua" />
		<sourceFile filename="Script/MischStation.lua" />
    </extraSourceFiles>
  	
	<inputBindings>
       	<input name="MischStation_RPLUS" key1="KEY_j" button="" />
		<input name="MischStation_RMINUS" key1="KEY_n" button="" />
		<input name="MischStation_TPLUS" key1="KEY_k" button="" />
		<input name="MischStation_TMINUS" key1="KEY_m" button="" />
	</inputBindings>
    
	<storeItems>
		<storeItem>
            <en>
                <name>Misch Station</name>
				<specs>
<![CDATA[for feed mixing
Production: 10 t/h of feed
Capacity: 100 t
dailyUpkeep: %s / Tag]]>
				</specs>
                <description>
<![CDATA[This small placeable system produces fodder for cows / sheep.
The three storage silos with straw, hay and silage are filled, each with a capacity of 50t.
In the mixing vessel the sorts in the ratio 0.4/1/1 are mixed to feed.]]>
                </description>
            </en>
            <de>
                <name>Misch Station</name>
				<specs>
<![CDATA[zum Futtermischen
Produktion: 10 t/h Mischfutter
Kapazität: 100 t
Unterhaltskosten: %s / Tag]]>
				</specs>
                <description>
<![CDATA[Diese kleine platzierbare Anlage produziert Mischfutter für Kühe/Schafe.
Die 3 Vorratssilos müssen mit Stroh, Heu u. Silage befüllt werden, jedes hat eine Kapazität von 50t.
Im Mischbehälter werden die einzelnen Sorten im Verhältnis 0,4/1/1 zu Futter gemixt.]]>
                </description>
            </de>
			<functions>
				<function>$l10n_function_feeder</function>
			</functions>
			<specs>
				<fillTypes>silage chaff grass dryGrass_windrow wheat_windrow</fillTypes>
			</specs>
            <rotation>0</rotation>
            <image active="Texturen/store.dds" brand="Texturen/brand_Marhu.dds" />
            <price>32499</price>
            <dailyUpkeep>12</dailyUpkeep>
            <species>placeable</species>
			<category>placeables</category>
			<brand>Marhu</brand>
            <xmlFilename>MischStation.xml</xmlFilename>
        </storeItem>
    </storeItems>
</modDesc>