<?xml version="1.0" encoding="utf-8" standalone="no" ?>
<placeable>
    <placeableType>floodlightplaceable</placeableType>
    <filename>floodlightPlaceable.i3d</filename>
    <placement testSizeX="1" testSizeZ="1" sizeX="1" sizeZ="1" useRandomYRotation="false" useManualYRotation="true" />
    <incomePerHour>0</incomePerHour>
    <LightSettings>
        <stateChange index="3" />
        <light index="2" />
        <Sublight index="4" />
        <Corona index="5" />
    </LightSettings>
</placeable>