﻿<?xml version="1.0" encoding="utf-8" standalone="no" ?>
<modDesc descVersion="20">
    <author><![CDATA[LS-Landtechnik
Alex2009]]></author>
    <version>1.0</version>
    <title>
        <en>Placeable Floodlight</en>
        <de>Plazierbares Flutlicht</de>
    </title>
    <description>
        <en>
<![CDATA[Placeable floodlight with motion detector ]]>
		</en>
        <de>
<![CDATA[Plazierbares Flutlicht mit Bewegungsmelder ]]>
		</de>
	</description>
    <iconFilename>store.png</iconFilename>
    <multiplayer supported="true"/>    
    
    <extraSourceFiles>
        <sourceFile filename="floodLightPlaceable.lua" />	
    </extraSourceFiles>
    <l10n>
        <text name="ENABLE_PLACEABLE_LIGHT">
            <de>Flutlicht anschalten</de>
            <en>floodlight enable</en>
        </text>
        <text name="DISABLE_PLACEABLE_LIGHT">
            <de>Flutlicht ausschalten</de>
            <en>floodlight disable</en>
        </text>
    </l10n>
    <storeItems>
		<storeItem>
            <en>
                <name>Floodlight</name>
                <description>
<![CDATA[This strong floodlight can be manually turned on/off.
Once turned on its using a motion detector to safe energy.]]>
                </description>
                <specs><![CDATA[height: approx. 20m
detection radius: 100m
electricity costs: %s / day]]></specs>
            </en>
            <de>
                <name>Flutlicht</name>
                <description>
<![CDATA[Dieses leistungsstarke Flutlicht kann manuell ein- und ausgeschaltet werden.
Wenn es eingeschaltet ist, verwendet es einen Bewegungsmelder um Strom zu sparen.]]>
                </description>
                <specs><![CDATA[Höhe: ca. 20m
Erkennungsradius: 100m
Stromkosten: %s / Tag]]></specs>
            </de>
            <rotation>0</rotation>
            <image active="store.png" brand="brand_placeable.png" />
            <price>16000</price>
            <dailyUpkeep>5</dailyUpkeep>
            <species>placeable</species>
            <xmlFilename>floodlightPlaceable.xml</xmlFilename>
        </storeItem>
    </storeItems>
</modDesc>